kernel,requested_ratio,actual_allocation_ratio,tenant_requested_bytes,block,policy,high_s,low_s,both_finished_s,high_kernel_ms,low_kernel_ms,release_skew_us,source
gemm,0.8,0.7927892270215454,13467726848,0,baseline,13.499727,13.748006,13.748006,2047.02,2035.7,0.0,gemm/ratio-0.8/combined_20260908_040257/block00_baseline
gemm,0.8,0.7927892270215454,13467726848,0,sched_only,9.393719,13.348079,13.348079,973.87,973.897,1.9073486328125,gemm/ratio-0.8/combined_20260908_040257/block00_sched_only
gemm,0.8,0.7927892270215454,13467726848,0,prefetch_only,12.874569,16.001407,16.001407,2052.16,978.331,3.0994415283203125,gemm/ratio-0.8/combined_20260908_040257/block00_prefetch_only
gemm,0.8,0.7927892270215454,13467726848,0,memory_only,12.821094,15.949571,15.949571,2048.54,975.826,3.0994415283203125,gemm/ratio-0.8/combined_20260908_040257/block00_memory_only
gemm,0.8,0.7927892270215454,13467726848,0,combined,9.085817,15.094657,15.094657,977.855,977.904,3.0994415283203125,gemm/ratio-0.8/combined_20260908_040257/block00_combined
gemm,0.8,0.7927892270215454,13467726848,1,sched_only,9.34225,13.32848,13.32848,977.657,977.711,2.1457672119140625,gemm/ratio-0.8/combined_20260908_040257/block01_sched_only
gemm,0.8,0.7927892270215454,13467726848,1,prefetch_only,12.832357,15.751112,15.751112,2047.78,975.966,3.0994415283203125,gemm/ratio-0.8/combined_20260908_040257/block01_prefetch_only
gemm,0.8,0.7927892270215454,13467726848,1,memory_only,12.800558,15.698693,15.698693,2046.44,974.817,2.1457672119140625,gemm/ratio-0.8/combined_20260908_040257/block01_memory_only
gemm,0.8,0.7927892270215454,13467726848,1,combined,9.088281,15.081282,15.081282,977.891,977.87,1.9073486328125,gemm/ratio-0.8/combined_20260908_040257/block01_combined
gemm,0.8,0.7927892270215454,13467726848,1,baseline,13.731623,13.492563,13.731623,2033.41,2044.51,0.95367431640625,gemm/ratio-0.8/combined_20260908_040257/block01_baseline
gemm,0.8,0.7927892270215454,13467726848,2,prefetch_only,12.862875,15.979777,15.979777,2051.81,976.975,1.9073486328125,gemm/ratio-0.8/combined_20260908_040257/block02_prefetch_only
gemm,0.8,0.7927892270215454,13467726848,2,memory_only,12.912648,15.921274,15.921274,2048.57,977.292,3.0994415283203125,gemm/ratio-0.8/combined_20260908_040257/block02_memory_only
gemm,0.8,0.7927892270215454,13467726848,2,combined,9.10652,15.106232,15.106232,978.645,978.837,2.1457672119140625,gemm/ratio-0.8/combined_20260908_040257/block02_combined
gemm,0.8,0.7927892270215454,13467726848,2,baseline,13.810941,13.523096,13.810941,2018.92,2049.75,0.95367431640625,gemm/ratio-0.8/combined_20260908_040257/block02_baseline
gemm,0.8,0.7927892270215454,13467726848,2,sched_only,9.400276,13.41824,13.41824,978.467,978.345,0.95367431640625,gemm/ratio-0.8/combined_20260908_040257/block02_sched_only
gemm,0.8,0.7927892270215454,13467726848,3,memory_only,12.933215,15.923552,15.923552,2051.85,978.142,2.86102294921875,gemm/ratio-0.8/combined_20260908_040257/block03_memory_only
gemm,0.8,0.7927892270215454,13467726848,3,combined,9.172888,15.215798,15.215798,979.436,979.425,1.9073486328125,gemm/ratio-0.8/combined_20260908_040257/block03_combined
gemm,0.8,0.7927892270215454,13467726848,3,baseline,13.80253,13.559469,13.80253,2028.1,2048.14,1.9073486328125,gemm/ratio-0.8/combined_20260908_040257/block03_baseline
gemm,0.8,0.7927892270215454,13467726848,3,sched_only,9.386525,13.393719,13.393719,977.993,978.049,1.9073486328125,gemm/ratio-0.8/combined_20260908_040257/block03_sched_only
gemm,0.8,0.7927892270215454,13467726848,3,prefetch_only,12.986732,16.047959,16.047959,2052.21,977.761,0.95367431640625,gemm/ratio-0.8/combined_20260908_040257/block03_prefetch_only
gemm,0.8,0.7927892270215454,13467726848,4,combined,9.091261,15.103558,15.103558,977.918,978.011,1.9073486328125,gemm/ratio-0.8/combined_20260908_040257/block04_combined
gemm,0.8,0.7927892270215454,13467726848,4,baseline,13.476895,13.718454,13.718454,2049.06,2029.08,0.95367431640625,gemm/ratio-0.8/combined_20260908_040257/block04_baseline
gemm,0.8,0.7927892270215454,13467726848,4,sched_only,9.357058,13.329396,13.329396,975.693,975.583,1.9073486328125,gemm/ratio-0.8/combined_20260908_040257/block04_sched_only
gemm,0.8,0.7927892270215454,13467726848,4,prefetch_only,12.812937,15.964364,15.964364,2056.2,980.166,2.1457672119140625,gemm/ratio-0.8/combined_20260908_040257/block04_prefetch_only
gemm,0.8,0.7927892270215454,13467726848,4,memory_only,12.887374,15.915389,15.915389,2057.12,980.377,1.9073486328125,gemm/ratio-0.8/combined_20260908_040257/block04_memory_only
gemm,1.0,0.9963422962980265,16834658304,0,baseline,115.706878,115.466295,115.706878,36608.5,36658.9,1.1920928955078125,gemm/ratio-1.0/combined_20260908_042529/block00_baseline
gemm,1.0,0.9963422962980265,16834658304,0,sched_only,11.408451,16.340144,16.340144,1223.56,1223.31,2.1457672119140625,gemm/ratio-1.0/combined_20260908_042529/block00_sched_only
gemm,1.0,0.9963422962980265,16834658304,0,prefetch_only,18.841424,22.161134,22.161134,5540.97,1230.51,1.9073486328125,gemm/ratio-1.0/combined_20260908_042529/block00_prefetch_only
gemm,1.0,0.9963422962980265,16834658304,0,memory_only,18.80704,22.112143,22.112143,5662.59,1230.22,3.0994415283203125,gemm/ratio-1.0/combined_20260908_042529/block00_memory_only
gemm,1.0,0.9963422962980265,16834658304,0,combined,11.066558,18.559339,18.559339,1229.79,1229.13,1.1920928955078125,gemm/ratio-1.0/combined_20260908_042529/block00_combined
gemm,1.0,0.9963422962980265,16834658304,1,sched_only,11.422496,16.388793,16.388793,1229.44,1228.94,1.9073486328125,gemm/ratio-1.0/combined_20260908_042529/block01_sched_only
gemm,1.0,0.9963422962980265,16834658304,1,prefetch_only,18.896273,22.200719,22.200719,5642.91,1227.95,1.9073486328125,gemm/ratio-1.0/combined_20260908_042529/block01_prefetch_only
gemm,1.0,0.9963422962980265,16834658304,1,memory_only,18.827629,22.264064,22.264064,5550.94,1229.21,3.0994415283203125,gemm/ratio-1.0/combined_20260908_042529/block01_memory_only
gemm,1.0,0.9963422962980265,16834658304,1,combined,11.165094,18.691254,18.691254,1232.09,1231.67,3.0994415283203125,gemm/ratio-1.0/combined_20260908_042529/block01_combined
gemm,1.0,0.9963422962980265,16834658304,1,baseline,115.410828,115.694493,115.694493,36645.6,36617.3,0.95367431640625,gemm/ratio-1.0/combined_20260908_042529/block01_baseline
gemm,1.0,0.9963422962980265,16834658304,2,prefetch_only,18.952147,22.253383,22.253383,5689.04,1226.58,1.9073486328125,gemm/ratio-1.0/combined_20260908_042529/block02_prefetch_only
gemm,1.0,0.9963422962980265,16834658304,2,memory_only,15.831247,19.716288,19.716288,2580.89,1228.79,2.86102294921875,gemm/ratio-1.0/combined_20260908_042529/block02_memory_only
gemm,1.0,0.9963422962980265,16834658304,2,combined,11.147908,18.634827,18.634827,1231.22,1230.64,2.86102294921875,gemm/ratio-1.0/combined_20260908_042529/block02_combined
gemm,1.0,0.9963422962980265,16834658304,2,baseline,115.468852,115.214236,115.468852,36591.2,36621.2,0.95367431640625,gemm/ratio-1.0/combined_20260908_042529/block02_baseline
gemm,1.0,0.9963422962980265,16834658304,2,sched_only,11.415294,16.422692,16.422692,1231.83,1231.33,1.9073486328125,gemm/ratio-1.0/combined_20260908_042529/block02_sched_only
gemm,1.0,0.9963422962980265,16834658304,3,memory_only,15.855199,19.77332,19.77332,2581.53,1229.05,1.9073486328125,gemm/ratio-1.0/combined_20260908_042529/block03_memory_only
gemm,1.0,0.9963422962980265,16834658304,3,combined,11.111723,18.616666,18.616666,1228.25,1227.92,1.9073486328125,gemm/ratio-1.0/combined_20260908_042529/block03_combined
gemm,1.0,0.9963422962980265,16834658304,3,baseline,115.464969,115.222213,115.464969,36571.6,36600.4,0.0,gemm/ratio-1.0/combined_20260908_042529/block03_baseline
gemm,1.0,0.9963422962980265,16834658304,3,sched_only,11.368469,16.328165,16.328165,1228.11,1227.66,9.059906005859375,gemm/ratio-1.0/combined_20260908_042529/block03_sched_only
gemm,1.0,0.9963422962980265,16834658304,3,prefetch_only,18.94484,22.254401,22.254401,5697.32,1227.68,2.1457672119140625,gemm/ratio-1.0/combined_20260908_042529/block03_prefetch_only
gemm,1.0,0.9963422962980265,16834658304,4,combined,11.195199,18.690285,18.690285,1230.15,1229.5,2.1457672119140625,gemm/ratio-1.0/combined_20260908_042529/block04_combined
gemm,1.0,0.9963422962980265,16834658304,4,baseline,115.576331,115.822625,115.822625,36801.1,36767.2,0.95367431640625,gemm/ratio-1.0/combined_20260908_042529/block04_baseline
gemm,1.0,0.9963422962980265,16834658304,4,sched_only,11.458499,16.446852,16.446852,1230.41,1229.9,1.9073486328125,gemm/ratio-1.0/combined_20260908_042529/block04_sched_only
gemm,1.0,0.9963422962980265,16834658304,4,prefetch_only,18.892608,22.195429,22.195429,5640.74,1232.13,1.9073486328125,gemm/ratio-1.0/combined_20260908_042529/block04_prefetch_only
gemm,1.0,0.9963422962980265,16834658304,4,memory_only,18.810147,22.244405,22.244405,5533.69,1225.93,2.1457672119140625,gemm/ratio-1.0/combined_20260908_042529/block04_memory_only
gemm,1.2,1.1998953655745075,20201590784,0,baseline,139.04066,139.316133,139.316133,44162.0,44075.9,0.95367431640625,gemm/ratio-1.2/combined_20260908_051952/block00_baseline
gemm,1.2,1.1998953655745075,20201590784,0,sched_only,13.538647,19.482948,19.482948,1477.91,1477.87,3.0994415283203125,gemm/ratio-1.2/combined_20260908_051952/block00_sched_only
gemm,1.2,1.1998953655745075,20201590784,0,prefetch_only,25.818314,31.742508,31.742508,6662.5,1478.96,2.1457672119140625,gemm/ratio-1.2/combined_20260908_051952/block00_prefetch_only
gemm,1.2,1.1998953655745075,20201590784,0,memory_only,25.802024,31.742631,31.742631,6686.13,1481.44,2.86102294921875,gemm/ratio-1.2/combined_20260908_051952/block00_memory_only
gemm,1.2,1.1998953655745075,20201590784,0,combined,13.048111,22.047079,22.047079,1481.51,1480.91,3.0994415283203125,gemm/ratio-1.2/combined_20260908_051952/block00_combined
gemm,1.2,1.1998953655745075,20201590784,1,sched_only,13.490236,19.457055,19.457055,1481.46,1482.51,1.9073486328125,gemm/ratio-1.2/combined_20260908_051952/block01_sched_only
gemm,1.2,1.1998953655745075,20201590784,1,prefetch_only,25.976476,31.906264,31.906264,6680.39,1480.74,2.86102294921875,gemm/ratio-1.2/combined_20260908_051952/block01_prefetch_only
gemm,1.2,1.1998953655745075,20201590784,1,memory_only,25.993489,31.959388,31.959388,6687.17,1483.98,1.9073486328125,gemm/ratio-1.2/combined_20260908_051952/block01_memory_only
gemm,1.2,1.1998953655745075,20201590784,1,combined,13.166754,22.150077,22.150077,1479.89,1479.31,3.0994415283203125,gemm/ratio-1.2/combined_20260908_051952/block01_combined
gemm,1.2,1.1998953655745075,20201590784,1,baseline,139.221523,139.472639,139.472639,44149.5,44130.2,0.0,gemm/ratio-1.2/combined_20260908_051952/block01_baseline
gemm,1.2,1.1998953655745075,20201590784,2,prefetch_only,25.888964,31.820618,31.820618,6638.52,1478.6,2.1457672119140625,gemm/ratio-1.2/combined_20260908_051952/block02_prefetch_only
gemm,1.2,1.1998953655745075,20201590784,2,memory_only,25.698416,31.621371,31.621371,6563.65,1479.31,1.9073486328125,gemm/ratio-1.2/combined_20260908_051952/block02_memory_only
gemm,1.2,1.1998953655745075,20201590784,2,combined,13.054147,22.0728,22.0728,1477.89,1477.49,1.9073486328125,gemm/ratio-1.2/combined_20260908_051952/block02_combined
gemm,1.2,1.1998953655745075,20201590784,2,baseline,138.819346,139.131148,139.131148,44232.6,43989.0,0.95367431640625,gemm/ratio-1.2/combined_20260908_051952/block02_baseline
gemm,1.2,1.1998953655745075,20201590784,2,sched_only,13.467628,19.406117,19.406117,1475.22,1475.21,3.0994415283203125,gemm/ratio-1.2/combined_20260908_051952/block02_sched_only
gemm,1.2,1.1998953655745075,20201590784,3,memory_only,25.870948,31.82192,31.82192,6653.88,1477.61,2.1457672119140625,gemm/ratio-1.2/combined_20260908_051952/block03_memory_only
gemm,1.2,1.1998953655745075,20201590784,3,combined,13.121202,22.121679,22.121679,1479.19,1479.98,1.9073486328125,gemm/ratio-1.2/combined_20260908_051952/block03_combined
gemm,1.2,1.1998953655745075,20201590784,3,baseline,139.493925,139.243955,139.493925,44197.5,44208.7,0.95367431640625,gemm/ratio-1.2/combined_20260908_051952/block03_baseline
gemm,1.2,1.1998953655745075,20201590784,3,sched_only,13.49345,19.424074,19.424074,1482.85,1482.21,1.9073486328125,gemm/ratio-1.2/combined_20260908_051952/block03_sched_only
gemm,1.2,1.1998953655745075,20201590784,3,prefetch_only,25.700125,31.590316,31.590316,6581.33,1479.34,1.9073486328125,gemm/ratio-1.2/combined_20260908_051952/block03_prefetch_only
gemm,1.2,1.1998953655745075,20201590784,4,combined,13.04669,22.024881,22.024881,1482.97,1484.09,1.9073486328125,gemm/ratio-1.2/combined_20260908_051952/block04_combined
gemm,1.2,1.1998953655745075,20201590784,4,baseline,139.395066,139.676475,139.676475,44409.0,44372.3,0.95367431640625,gemm/ratio-1.2/combined_20260908_051952/block04_baseline
gemm,1.2,1.1998953655745075,20201590784,4,sched_only,13.524188,19.466668,19.466668,1478.38,1478.26,2.1457672119140625,gemm/ratio-1.2/combined_20260908_051952/block04_sched_only
gemm,1.2,1.1998953655745075,20201590784,4,prefetch_only,25.875444,31.795905,31.795905,6711.35,1477.09,2.1457672119140625,gemm/ratio-1.2/combined_20260908_051952/block04_prefetch_only
gemm,1.2,1.1998953655745075,20201590784,4,memory_only,26.042341,32.003248,32.003248,6739.4,1483.61,2.1457672119140625,gemm/ratio-1.2/combined_20260908_051952/block04_memory_only
gemm,1.5,1.4998683097714272,25251987456,0,baseline,174.56573,174.198061,174.56573,54926.6,55304.2,0.0,gemm/ratio-1.5/combined_20260908_064409/block00_baseline
gemm,1.5,1.4998683097714272,25251987456,0,sched_only,16.539912,23.984833,23.984833,1852.3,1852.77,1.9073486328125,gemm/ratio-1.5/combined_20260908_064409/block00_sched_only
gemm,1.5,1.4998683097714272,25251987456,0,prefetch_only,136.115898,143.342323,143.342323,49241.7,1847.05,2.1457672119140625,gemm/ratio-1.5/combined_20260908_064409/block00_prefetch_only
gemm,1.5,1.4998683097714272,25251987456,0,memory_only,136.919537,144.20254,144.20254,49384.5,1843.44,4.0531158447265625,gemm/ratio-1.5/combined_20260908_064409/block00_memory_only
gemm,1.5,1.4998683097714272,25251987456,0,combined,16.115183,27.436747,27.436747,1848.83,1848.93,2.86102294921875,gemm/ratio-1.5/combined_20260908_064409/block00_combined
gemm,1.5,1.4998683097714272,25251987456,1,sched_only,16.590368,23.951669,23.951669,1852.45,1851.88,1.1920928955078125,gemm/ratio-1.5/combined_20260908_064409/block01_sched_only
gemm,1.5,1.4998683097714272,25251987456,1,prefetch_only,136.135946,143.367371,143.367371,48982.2,1848.33,1.9073486328125,gemm/ratio-1.5/combined_20260908_064409/block01_prefetch_only
gemm,1.5,1.4998683097714272,25251987456,1,memory_only,132.729018,140.106352,140.106352,49800.6,1846.85,3.814697265625,gemm/ratio-1.5/combined_20260908_064409/block01_memory_only
gemm,1.5,1.4998683097714272,25251987456,1,combined,16.148632,27.438029,27.438029,1852.68,1852.81,2.86102294921875,gemm/ratio-1.5/combined_20260908_064409/block01_combined
gemm,1.5,1.4998683097714272,25251987456,1,baseline,175.630697,175.386487,175.630697,55706.9,55739.2,0.95367431640625,gemm/ratio-1.5/combined_20260908_064409/block01_baseline
gemm,1.5,1.4998683097714272,25251987456,2,prefetch_only,135.829535,143.036642,143.036642,48760.4,1845.35,1.9073486328125,gemm/ratio-1.5/combined_20260908_064409/block02_prefetch_only
gemm,1.5,1.4998683097714272,25251987456,2,memory_only,136.045869,143.302644,143.302644,48866.9,1849.93,1.9073486328125,gemm/ratio-1.5/combined_20260908_064409/block02_memory_only
gemm,1.5,1.4998683097714272,25251987456,2,combined,16.137768,27.393641,27.393641,1844.4,1844.34,1.9073486328125,gemm/ratio-1.5/combined_20260908_064409/block02_combined
gemm,1.5,1.4998683097714272,25251987456,2,baseline,175.447217,175.143359,175.447217,55611.9,55665.8,0.95367431640625,gemm/ratio-1.5/combined_20260908_064409/block02_baseline
gemm,1.5,1.4998683097714272,25251987456,2,sched_only,16.57435,23.971436,23.971436,1842.85,1842.2,3.0994415283203125,gemm/ratio-1.5/combined_20260908_064409/block02_sched_only
gemm,1.5,1.4998683097714272,25251987456,3,memory_only,135.321613,142.57665,142.57665,48634.7,1842.21,2.1457672119140625,gemm/ratio-1.5/combined_20260908_064409/block03_memory_only
gemm,1.5,1.4998683097714272,25251987456,3,combined,16.190758,27.517648,27.517648,1852.36,1851.72,4.0531158447265625,gemm/ratio-1.5/combined_20260908_064409/block03_combined
gemm,1.5,1.4998683097714272,25251987456,3,baseline,175.356679,175.611185,175.611185,55669.0,55670.1,1.9073486328125,gemm/ratio-1.5/combined_20260908_064409/block03_baseline
gemm,1.5,1.4998683097714272,25251987456,3,sched_only,16.558908,23.972291,23.972291,1848.82,1848.59,1.9073486328125,gemm/ratio-1.5/combined_20260908_064409/block03_sched_only
gemm,1.5,1.4998683097714272,25251987456,3,prefetch_only,136.40736,143.620102,143.620102,49131.7,1842.21,1.9073486328125,gemm/ratio-1.5/combined_20260908_064409/block03_prefetch_only
gemm,1.5,1.4998683097714272,25251987456,4,combined,16.186689,27.412884,27.412884,1851.29,1850.83,1.9073486328125,gemm/ratio-1.5/combined_20260908_064409/block04_combined
gemm,1.5,1.4998683097714272,25251987456,4,baseline,175.366167,175.110812,175.366167,55650.8,55633.9,0.0,gemm/ratio-1.5/combined_20260908_064409/block04_baseline
gemm,1.5,1.4998683097714272,25251987456,4,sched_only,16.606671,24.058416,24.058416,1852.56,1852.72,0.95367431640625,gemm/ratio-1.5/combined_20260908_064409/block04_sched_only
gemm,1.5,1.4998683097714272,25251987456,4,prefetch_only,137.206257,144.380487,144.380487,49442.6,1846.25,3.0994415283203125,gemm/ratio-1.5/combined_20260908_064409/block04_prefetch_only
gemm,1.5,1.4998683097714272,25251987456,4,memory_only,133.120903,140.478281,140.478281,49619.1,1841.5,3.0994415283203125,gemm/ratio-1.5/combined_20260908_064409/block04_memory_only
hotspot,0.8,0.799383835714828,13467726848,0,baseline,5.268347,5.015946,5.268347,601.58,612.08,2.1457672119140625,hotspot/ratio-0.8/combined_20260908_040018/block00_baseline
hotspot,0.8,0.799383835714828,13467726848,0,sched_only,3.138991,4.673347,4.673347,275.588,275.62,2.1457672119140625,hotspot/ratio-0.8/combined_20260908_040018/block00_sched_only
hotspot,0.8,0.799383835714828,13467726848,0,prefetch_only,4.597455,5.71564,5.71564,642.578,275.616,3.0994415283203125,hotspot/ratio-0.8/combined_20260908_040018/block00_prefetch_only
hotspot,0.8,0.799383835714828,13467726848,0,memory_only,4.040876,5.23918,5.23918,641.126,275.59,1.9073486328125,hotspot/ratio-0.8/combined_20260908_040018/block00_memory_only
hotspot,0.8,0.799383835714828,13467726848,0,combined,2.839687,4.886145,4.886145,275.43,275.525,1.9073486328125,hotspot/ratio-0.8/combined_20260908_040018/block00_combined
hotspot,0.8,0.799383835714828,13467726848,1,sched_only,3.144834,4.675159,4.675159,275.42,275.542,2.1457672119140625,hotspot/ratio-0.8/combined_20260908_040018/block01_sched_only
hotspot,0.8,0.799383835714828,13467726848,1,prefetch_only,4.545056,5.667772,5.667772,637.942,275.53,1.9073486328125,hotspot/ratio-0.8/combined_20260908_040018/block01_prefetch_only
hotspot,0.8,0.799383835714828,13467726848,1,memory_only,4.551527,5.777809,5.777809,645.932,275.549,2.1457672119140625,hotspot/ratio-0.8/combined_20260908_040018/block01_memory_only
hotspot,0.8,0.799383835714828,13467726848,1,combined,2.851655,4.87691,4.87691,275.512,275.543,2.1457672119140625,hotspot/ratio-0.8/combined_20260908_040018/block01_combined
hotspot,0.8,0.799383835714828,13467726848,1,baseline,5.060679,5.32084,5.32084,613.233,603.261,1.1920928955078125,hotspot/ratio-0.8/combined_20260908_040018/block01_baseline
hotspot,0.8,0.799383835714828,13467726848,2,prefetch_only,4.568204,5.731699,5.731699,644.327,275.482,4.0531158447265625,hotspot/ratio-0.8/combined_20260908_040018/block02_prefetch_only
hotspot,0.8,0.799383835714828,13467726848,2,memory_only,4.574701,5.758491,5.758491,649.572,275.504,2.1457672119140625,hotspot/ratio-0.8/combined_20260908_040018/block02_memory_only
hotspot,0.8,0.799383835714828,13467726848,2,combined,2.853719,4.892652,4.892652,275.404,275.545,1.9073486328125,hotspot/ratio-0.8/combined_20260908_040018/block02_combined
hotspot,0.8,0.799383835714828,13467726848,2,baseline,5.287372,5.046905,5.287372,588.101,612.899,0.95367431640625,hotspot/ratio-0.8/combined_20260908_040018/block02_baseline
hotspot,0.8,0.799383835714828,13467726848,2,sched_only,3.152855,4.692124,4.692124,275.437,275.521,2.86102294921875,hotspot/ratio-0.8/combined_20260908_040018/block02_sched_only
hotspot,0.8,0.799383835714828,13467726848,3,memory_only,4.594308,5.758727,5.758727,644.063,275.563,2.86102294921875,hotspot/ratio-0.8/combined_20260908_040018/block03_memory_only
hotspot,0.8,0.799383835714828,13467726848,3,combined,2.825836,4.873646,4.873646,275.483,275.548,3.0994415283203125,hotspot/ratio-0.8/combined_20260908_040018/block03_combined
hotspot,0.8,0.799383835714828,13467726848,3,baseline,5.093306,5.363801,5.363801,613.773,613.69,1.1920928955078125,hotspot/ratio-0.8/combined_20260908_040018/block03_baseline
hotspot,0.8,0.799383835714828,13467726848,3,sched_only,3.147617,4.665858,4.665858,275.482,275.55,1.9073486328125,hotspot/ratio-0.8/combined_20260908_040018/block03_sched_only
hotspot,0.8,0.799383835714828,13467726848,3,prefetch_only,4.547523,5.711622,5.711622,650.933,275.604,1.9073486328125,hotspot/ratio-0.8/combined_20260908_040018/block03_prefetch_only
hotspot,0.8,0.799383835714828,13467726848,4,combined,2.864433,4.901883,4.901883,275.491,275.578,1.9073486328125,hotspot/ratio-0.8/combined_20260908_040018/block04_combined
hotspot,0.8,0.799383835714828,13467726848,4,baseline,5.311521,5.071218,5.311521,603.029,613.08,0.95367431640625,hotspot/ratio-0.8/combined_20260908_040018/block04_baseline
hotspot,0.8,0.799383835714828,13467726848,4,sched_only,3.167168,4.718912,4.718912,275.478,275.523,3.0994415283203125,hotspot/ratio-0.8/combined_20260908_040018/block04_sched_only
hotspot,0.8,0.799383835714828,13467726848,4,prefetch_only,4.562766,5.69891,5.69891,645.271,275.638,1.9073486328125,hotspot/ratio-0.8/combined_20260908_040018/block04_prefetch_only
hotspot,0.8,0.799383835714828,13467726848,4,memory_only,4.525098,5.769917,5.769917,650.007,275.646,1.9073486328125,hotspot/ratio-0.8/combined_20260908_040018/block04_memory_only
hotspot,1.0,0.9991912455985659,16834658304,0,baseline,18.901141,18.653939,18.901141,4057.34,4050.6,0.95367431640625,hotspot/ratio-1.0/combined_20260908_042129/block00_baseline
hotspot,1.0,0.9991912455985659,16834658304,0,sched_only,3.519552,5.322124,5.322124,344.431,344.565,3.0994415283203125,hotspot/ratio-1.0/combined_20260908_042129/block00_sched_only
hotspot,1.0,0.9991912455985659,16834658304,0,prefetch_only,5.010898,6.435464,6.435464,810.317,344.559,1.9073486328125,hotspot/ratio-1.0/combined_20260908_042129/block00_prefetch_only
hotspot,1.0,0.9991912455985659,16834658304,0,memory_only,5.046758,6.446343,6.446343,808.699,344.55,1.9073486328125,hotspot/ratio-1.0/combined_20260908_042129/block00_memory_only
hotspot,1.0,0.9991912455985659,16834658304,0,combined,3.105268,5.541618,5.541618,344.467,344.499,3.0994415283203125,hotspot/ratio-1.0/combined_20260908_042129/block00_combined
hotspot,1.0,0.9991912455985659,16834658304,1,sched_only,3.521627,5.320281,5.320281,344.523,344.6,1.9073486328125,hotspot/ratio-1.0/combined_20260908_042129/block01_sched_only
hotspot,1.0,0.9991912455985659,16834658304,1,prefetch_only,5.039399,6.446978,6.446978,805.559,344.645,2.1457672119140625,hotspot/ratio-1.0/combined_20260908_042129/block01_prefetch_only
hotspot,1.0,0.9991912455985659,16834658304,1,memory_only,5.022031,6.45209,6.45209,801.693,344.602,1.9073486328125,hotspot/ratio-1.0/combined_20260908_042129/block01_memory_only
hotspot,1.0,0.9991912455985659,16834658304,1,combined,3.097199,5.521763,5.521763,344.52,344.631,2.1457672119140625,hotspot/ratio-1.0/combined_20260908_042129/block01_combined
hotspot,1.0,0.9991912455985659,16834658304,1,baseline,17.871424,18.149304,18.149304,3698.04,3418.95,0.0,hotspot/ratio-1.0/combined_20260908_042129/block01_baseline
hotspot,1.0,0.9991912455985659,16834658304,2,prefetch_only,5.017377,6.388505,6.388505,791.409,344.588,0.95367431640625,hotspot/ratio-1.0/combined_20260908_042129/block02_prefetch_only
hotspot,1.0,0.9991912455985659,16834658304,2,memory_only,4.985595,6.404289,6.404289,804.868,344.673,1.9073486328125,hotspot/ratio-1.0/combined_20260908_042129/block02_memory_only
hotspot,1.0,0.9991912455985659,16834658304,2,combined,3.085938,5.520933,5.520933,344.505,344.622,2.86102294921875,hotspot/ratio-1.0/combined_20260908_042129/block02_combined
hotspot,1.0,0.9991912455985659,16834658304,2,baseline,18.691954,18.443971,18.691954,3993.29,3979.94,0.95367431640625,hotspot/ratio-1.0/combined_20260908_042129/block02_baseline
hotspot,1.0,0.9991912455985659,16834658304,2,sched_only,3.508393,5.336497,5.336497,344.562,344.674,1.9073486328125,hotspot/ratio-1.0/combined_20260908_042129/block02_sched_only
hotspot,1.0,0.9991912455985659,16834658304,3,memory_only,4.964574,6.410535,6.410535,809.171,344.635,3.0994415283203125,hotspot/ratio-1.0/combined_20260908_042129/block03_memory_only
hotspot,1.0,0.9991912455985659,16834658304,3,combined,3.095543,5.531711,5.531711,344.464,344.629,0.95367431640625,hotspot/ratio-1.0/combined_20260908_042129/block03_combined
hotspot,1.0,0.9991912455985659,16834658304,3,baseline,18.896274,18.657367,18.896274,4085.36,4062.73,0.95367431640625,hotspot/ratio-1.0/combined_20260908_042129/block03_baseline
hotspot,1.0,0.9991912455985659,16834658304,3,sched_only,3.498893,5.293973,5.293973,344.527,344.567,3.0994415283203125,hotspot/ratio-1.0/combined_20260908_042129/block03_sched_only
hotspot,1.0,0.9991912455985659,16834658304,3,prefetch_only,5.030219,6.406591,6.406591,804.741,344.661,2.86102294921875,hotspot/ratio-1.0/combined_20260908_042129/block03_prefetch_only
hotspot,1.0,0.9991912455985659,16834658304,4,combined,3.049145,5.498529,5.498529,344.571,344.643,4.0531158447265625,hotspot/ratio-1.0/combined_20260908_042129/block04_combined
hotspot,1.0,0.9991912455985659,16834658304,4,baseline,18.422645,18.670885,18.670885,3991.33,3909.54,0.95367431640625,hotspot/ratio-1.0/combined_20260908_042129/block04_baseline
hotspot,1.0,0.9991912455985659,16834658304,4,sched_only,3.509809,5.321615,5.321615,344.464,344.666,1.9073486328125,hotspot/ratio-1.0/combined_20260908_042129/block04_sched_only
hotspot,1.0,0.9991912455985659,16834658304,4,prefetch_only,5.002036,6.415873,6.415873,809.873,344.56,0.95367431640625,hotspot/ratio-1.0/combined_20260908_042129/block04_prefetch_only
hotspot,1.0,0.9991912455985659,16834658304,4,memory_only,5.063944,6.465749,6.465749,809.417,344.63,2.86102294921875,hotspot/ratio-1.0/combined_20260908_042129/block04_memory_only
hotspot,1.2,1.1996455495150393,20201590784,0,baseline,56.491869,56.743917,56.743917,15602.8,15564.6,1.1920928955078125,hotspot/ratio-1.2/combined_20260908_050912/block00_baseline
hotspot,1.2,1.1996455495150393,20201590784,0,sched_only,3.960838,6.122977,6.122977,413.631,413.72,1.9073486328125,hotspot/ratio-1.2/combined_20260908_050912/block00_sched_only
hotspot,1.2,1.1996455495150393,20201590784,0,prefetch_only,25.2184,26.901608,26.901608,13072.2,413.635,1.9073486328125,hotspot/ratio-1.2/combined_20260908_050912/block00_prefetch_only
hotspot,1.2,1.1996455495150393,20201590784,0,memory_only,24.148292,25.872082,25.872082,15661.9,413.893,2.1457672119140625,hotspot/ratio-1.2/combined_20260908_050912/block00_memory_only
hotspot,1.2,1.1996455495150393,20201590784,0,combined,3.544491,6.554968,6.554968,413.76,413.752,2.1457672119140625,hotspot/ratio-1.2/combined_20260908_050912/block00_combined
hotspot,1.2,1.1996455495150393,20201590784,1,sched_only,3.959643,6.116028,6.116028,413.676,413.739,1.9073486328125,hotspot/ratio-1.2/combined_20260908_050912/block01_sched_only
hotspot,1.2,1.1996455495150393,20201590784,1,prefetch_only,23.191431,24.90359,24.90359,15827.9,413.719,0.95367431640625,hotspot/ratio-1.2/combined_20260908_050912/block01_prefetch_only
hotspot,1.2,1.1996455495150393,20201590784,1,memory_only,25.070825,26.767407,26.767407,13174.5,413.873,3.0994415283203125,hotspot/ratio-1.2/combined_20260908_050912/block01_memory_only
hotspot,1.2,1.1996455495150393,20201590784,1,combined,3.576821,6.520019,6.520019,413.863,413.951,1.9073486328125,hotspot/ratio-1.2/combined_20260908_050912/block01_combined
hotspot,1.2,1.1996455495150393,20201590784,1,baseline,56.337796,56.577712,56.577712,15591.5,15587.3,2.1457672119140625,hotspot/ratio-1.2/combined_20260908_050912/block01_baseline
hotspot,1.2,1.1996455495150393,20201590784,2,prefetch_only,24.82619,26.527687,26.527687,14758.4,413.799,0.95367431640625,hotspot/ratio-1.2/combined_20260908_050912/block02_prefetch_only
hotspot,1.2,1.1996455495150393,20201590784,2,memory_only,24.899645,26.586092,26.586092,14795.5,413.692,2.1457672119140625,hotspot/ratio-1.2/combined_20260908_050912/block02_memory_only
hotspot,1.2,1.1996455495150393,20201590784,2,combined,3.58242,6.531019,6.531019,413.588,413.797,1.9073486328125,hotspot/ratio-1.2/combined_20260908_050912/block02_combined
hotspot,1.2,1.1996455495150393,20201590784,2,baseline,56.874345,56.629829,56.874345,15768.9,15690.3,0.95367431640625,hotspot/ratio-1.2/combined_20260908_050912/block02_baseline
hotspot,1.2,1.1996455495150393,20201590784,2,sched_only,3.968217,6.131485,6.131485,413.629,413.68,3.0994415283203125,hotspot/ratio-1.2/combined_20260908_050912/block02_sched_only
hotspot,1.2,1.1996455495150393,20201590784,3,memory_only,24.761147,26.454299,26.454299,14890.8,413.6,1.9073486328125,hotspot/ratio-1.2/combined_20260908_050912/block03_memory_only
hotspot,1.2,1.1996455495150393,20201590784,3,combined,3.569654,6.532246,6.532246,413.498,413.602,2.86102294921875,hotspot/ratio-1.2/combined_20260908_050912/block03_combined
hotspot,1.2,1.1996455495150393,20201590784,3,baseline,56.628848,56.866306,56.866306,15737.4,15660.4,0.95367431640625,hotspot/ratio-1.2/combined_20260908_050912/block03_baseline
hotspot,1.2,1.1996455495150393,20201590784,3,sched_only,3.975794,6.128876,6.128876,413.606,413.751,1.9073486328125,hotspot/ratio-1.2/combined_20260908_050912/block03_sched_only
hotspot,1.2,1.1996455495150393,20201590784,3,prefetch_only,24.695052,26.422368,26.422368,13785.4,413.945,3.0994415283203125,hotspot/ratio-1.2/combined_20260908_050912/block03_prefetch_only
hotspot,1.2,1.1996455495150393,20201590784,4,combined,3.562869,6.509641,6.509641,413.793,413.788,0.95367431640625,hotspot/ratio-1.2/combined_20260908_050912/block04_combined
hotspot,1.2,1.1996455495150393,20201590784,4,baseline,56.742568,56.506234,56.742568,15564.5,15634.6,0.95367431640625,hotspot/ratio-1.2/combined_20260908_050912/block04_baseline
hotspot,1.2,1.1996455495150393,20201590784,4,sched_only,3.984622,6.123838,6.123838,413.543,413.701,1.9073486328125,hotspot/ratio-1.2/combined_20260908_050912/block04_sched_only
hotspot,1.2,1.1996455495150393,20201590784,4,prefetch_only,24.966125,26.65239,26.65239,13521.8,413.607,2.1457672119140625,hotspot/ratio-1.2/combined_20260908_050912/block04_prefetch_only
hotspot,1.2,1.1996455495150393,20201590784,4,memory_only,25.983705,27.666456,27.666456,13210.3,413.86,2.1457672119140625,hotspot/ratio-1.2/combined_20260908_050912/block04_memory_only
hotspot,1.5,1.4999344894336384,25251987456,0,baseline,166.971982,167.243577,167.243577,53147.9,53091.7,0.95367431640625,hotspot/ratio-1.5/combined_20260908_061528/block00_baseline
hotspot,1.5,1.4999344894336384,25251987456,0,sched_only,4.53893,7.154389,7.154389,516.928,517.136,1.9073486328125,hotspot/ratio-1.5/combined_20260908_061528/block00_sched_only
hotspot,1.5,1.4999344894336384,25251987456,0,prefetch_only,76.249792,78.469742,78.469742,23844.1,517.123,2.1457672119140625,hotspot/ratio-1.5/combined_20260908_061528/block00_prefetch_only
hotspot,1.5,1.4999344894336384,25251987456,0,memory_only,76.000589,78.202979,78.202979,23659.7,517.017,2.86102294921875,hotspot/ratio-1.5/combined_20260908_061528/block00_memory_only
hotspot,1.5,1.4999344894336384,25251987456,0,combined,4.023594,7.616291,7.616291,516.955,517.065,5.0067901611328125,hotspot/ratio-1.5/combined_20260908_061528/block00_combined
hotspot,1.5,1.4999344894336384,25251987456,1,sched_only,4.5448,7.160646,7.160646,517.094,517.187,2.86102294921875,hotspot/ratio-1.5/combined_20260908_061528/block01_sched_only
hotspot,1.5,1.4999344894336384,25251987456,1,prefetch_only,76.349726,78.523577,78.523577,23686.9,516.804,3.0994415283203125,hotspot/ratio-1.5/combined_20260908_061528/block01_prefetch_only
hotspot,1.5,1.4999344894336384,25251987456,1,memory_only,76.265765,78.467326,78.467326,23560.6,516.948,2.86102294921875,hotspot/ratio-1.5/combined_20260908_061528/block01_memory_only
hotspot,1.5,1.4999344894336384,25251987456,1,combined,4.037846,7.622634,7.622634,516.873,517.145,1.9073486328125,hotspot/ratio-1.5/combined_20260908_061528/block01_combined
hotspot,1.5,1.4999344894336384,25251987456,1,baseline,167.815772,167.575396,167.815772,53225.5,53216.5,0.95367431640625,hotspot/ratio-1.5/combined_20260908_061528/block01_baseline
hotspot,1.5,1.4999344894336384,25251987456,2,prefetch_only,76.295394,78.481753,78.481753,23631.9,517.097,4.0531158447265625,hotspot/ratio-1.5/combined_20260908_061528/block02_prefetch_only
hotspot,1.5,1.4999344894336384,25251987456,2,memory_only,76.103248,78.304769,78.304769,23760.1,517.107,1.9073486328125,hotspot/ratio-1.5/combined_20260908_061528/block02_memory_only
hotspot,1.5,1.4999344894336384,25251987456,2,combined,3.980418,7.566414,7.566414,516.934,517.144,0.95367431640625,hotspot/ratio-1.5/combined_20260908_061528/block02_combined
hotspot,1.5,1.4999344894336384,25251987456,2,baseline,166.787228,167.030176,167.030176,52905.9,52851.2,0.95367431640625,hotspot/ratio-1.5/combined_20260908_061528/block02_baseline
hotspot,1.5,1.4999344894336384,25251987456,2,sched_only,4.547653,7.173396,7.173396,516.822,517.024,0.95367431640625,hotspot/ratio-1.5/combined_20260908_061528/block02_sched_only
hotspot,1.5,1.4999344894336384,25251987456,3,memory_only,76.50262,78.704394,78.704394,23765.9,517.198,1.9073486328125,hotspot/ratio-1.5/combined_20260908_061528/block03_memory_only
hotspot,1.5,1.4999344894336384,25251987456,3,combined,4.0135,7.593909,7.593909,516.967,517.23,3.0994415283203125,hotspot/ratio-1.5/combined_20260908_061528/block03_combined
hotspot,1.5,1.4999344894336384,25251987456,3,baseline,167.79538,168.049482,168.049482,53282.7,53197.6,0.95367431640625,hotspot/ratio-1.5/combined_20260908_061528/block03_baseline
hotspot,1.5,1.4999344894336384,25251987456,3,sched_only,4.549105,7.165166,7.165166,516.855,516.979,2.1457672119140625,hotspot/ratio-1.5/combined_20260908_061528/block03_sched_only
hotspot,1.5,1.4999344894336384,25251987456,3,prefetch_only,75.360379,77.548453,77.548453,23431.9,517.12,4.0531158447265625,hotspot/ratio-1.5/combined_20260908_061528/block03_prefetch_only
hotspot,1.5,1.4999344894336384,25251987456,4,combined,4.001441,7.577527,7.577527,516.975,517.311,3.0994415283203125,hotspot/ratio-1.5/combined_20260908_061528/block04_combined
hotspot,1.5,1.4999344894336384,25251987456,4,baseline,167.003414,167.237531,167.237531,52856.3,52820.4,0.95367431640625,hotspot/ratio-1.5/combined_20260908_061528/block04_baseline
hotspot,1.5,1.4999344894336384,25251987456,4,sched_only,4.546191,7.142063,7.142063,516.734,516.996,1.9073486328125,hotspot/ratio-1.5/combined_20260908_061528/block04_sched_only
hotspot,1.5,1.4999344894336384,25251987456,4,prefetch_only,75.734692,77.917831,77.917831,23483.8,517.13,3.0994415283203125,hotspot/ratio-1.5/combined_20260908_061528/block04_prefetch_only
hotspot,1.5,1.4999344894336384,25251987456,4,memory_only,75.356225,77.537785,77.537785,23633.1,517.151,1.9073486328125,hotspot/ratio-1.5/combined_20260908_061528/block04_memory_only
kmeans_sparse,0.8,0.8000000178679005,13467726848,0,baseline,27.758667,27.495955,27.758667,7711.17,7712.4,0.95367431640625,kmeans_sparse/ratio-0.8/combined_20260908_040936/block00_baseline
kmeans_sparse,0.8,0.8000000178679005,13467726848,0,sched_only,14.848789,26.582074,26.582074,3697.21,3693.77,1.9073486328125,kmeans_sparse/ratio-0.8/combined_20260908_040936/block00_sched_only
kmeans_sparse,0.8,0.8000000178679005,13467726848,0,prefetch_only,27.042828,27.969746,27.969746,7703.88,6939.64,1.9073486328125,kmeans_sparse/ratio-0.8/combined_20260908_040936/block00_prefetch_only
kmeans_sparse,0.8,0.8000000178679005,13467726848,0,memory_only,27.09282,28.023088,28.023088,7711.17,6942.96,2.1457672119140625,kmeans_sparse/ratio-0.8/combined_20260908_040936/block00_memory_only
kmeans_sparse,0.8,0.8000000178679005,13467726848,0,combined,14.634091,26.806348,26.806348,3700.15,3696.04,4.0531158447265625,kmeans_sparse/ratio-0.8/combined_20260908_040936/block00_combined
kmeans_sparse,0.8,0.8000000178679005,13467726848,1,sched_only,14.845042,26.606485,26.606485,3703.19,3699.85,2.86102294921875,kmeans_sparse/ratio-0.8/combined_20260908_040936/block01_sched_only
kmeans_sparse,0.8,0.8000000178679005,13467726848,1,prefetch_only,27.088939,28.012995,28.012995,7698.74,6932.51,1.9073486328125,kmeans_sparse/ratio-0.8/combined_20260908_040936/block01_prefetch_only
kmeans_sparse,0.8,0.8000000178679005,13467726848,1,memory_only,27.178064,28.095326,28.095326,7724.47,6965.44,3.0994415283203125,kmeans_sparse/ratio-0.8/combined_20260908_040936/block01_memory_only
kmeans_sparse,0.8,0.8000000178679005,13467726848,1,combined,14.632095,26.801232,26.801232,3697.54,3694.01,1.9073486328125,kmeans_sparse/ratio-0.8/combined_20260908_040936/block01_combined
kmeans_sparse,0.8,0.8000000178679005,13467726848,1,baseline,27.693249,27.456271,27.693249,7694.18,7703.91,0.95367431640625,kmeans_sparse/ratio-0.8/combined_20260908_040936/block01_baseline
kmeans_sparse,0.8,0.8000000178679005,13467726848,2,prefetch_only,27.090588,28.04213,28.04213,7706.4,6913.82,2.1457672119140625,kmeans_sparse/ratio-0.8/combined_20260908_040936/block02_prefetch_only
kmeans_sparse,0.8,0.8000000178679005,13467726848,2,memory_only,27.039,27.954702,27.954702,7699.42,6946.55,3.0994415283203125,kmeans_sparse/ratio-0.8/combined_20260908_040936/block02_memory_only
kmeans_sparse,0.8,0.8000000178679005,13467726848,2,combined,14.659523,26.856154,26.856154,3696.72,3693.75,3.0994415283203125,kmeans_sparse/ratio-0.8/combined_20260908_040936/block02_combined
kmeans_sparse,0.8,0.8000000178679005,13467726848,2,baseline,27.645146,27.413712,27.645146,7674.1,7687.31,0.95367431640625,kmeans_sparse/ratio-0.8/combined_20260908_040936/block02_baseline
kmeans_sparse,0.8,0.8000000178679005,13467726848,2,sched_only,14.85117,26.645782,26.645782,3706.92,3704.79,2.1457672119140625,kmeans_sparse/ratio-0.8/combined_20260908_040936/block02_sched_only
kmeans_sparse,0.8,0.8000000178679005,13467726848,3,memory_only,27.052465,27.993871,27.993871,7704.3,6925.49,1.9073486328125,kmeans_sparse/ratio-0.8/combined_20260908_040936/block03_memory_only
kmeans_sparse,0.8,0.8000000178679005,13467726848,3,combined,14.6281,26.875281,26.875281,3706.65,3704.52,1.9073486328125,kmeans_sparse/ratio-0.8/combined_20260908_040936/block03_combined
kmeans_sparse,0.8,0.8000000178679005,13467726848,3,baseline,27.71156,27.473182,27.71156,7697.47,7702.35,0.95367431640625,kmeans_sparse/ratio-0.8/combined_20260908_040936/block03_baseline
kmeans_sparse,0.8,0.8000000178679005,13467726848,3,sched_only,14.843686,26.594889,26.594889,3705.84,3701.98,2.1457672119140625,kmeans_sparse/ratio-0.8/combined_20260908_040936/block03_sched_only
kmeans_sparse,0.8,0.8000000178679005,13467726848,3,prefetch_only,27.094976,27.993752,27.993752,7698.78,6966.52,1.9073486328125,kmeans_sparse/ratio-0.8/combined_20260908_040936/block03_prefetch_only
kmeans_sparse,0.8,0.8000000178679005,13467726848,4,combined,14.632613,26.837204,26.837204,3706.93,3702.93,2.1457672119140625,kmeans_sparse/ratio-0.8/combined_20260908_040936/block04_combined
kmeans_sparse,0.8,0.8000000178679005,13467726848,4,baseline,27.75968,27.517274,27.75968,7709.97,7720.51,0.95367431640625,kmeans_sparse/ratio-0.8/combined_20260908_040936/block04_baseline
kmeans_sparse,0.8,0.8000000178679005,13467726848,4,sched_only,14.856083,26.619116,26.619116,3706.13,3703.71,4.0531158447265625,kmeans_sparse/ratio-0.8/combined_20260908_040936/block04_sched_only
kmeans_sparse,0.8,0.8000000178679005,13467726848,4,prefetch_only,27.063349,27.996338,27.996338,7695.37,6925.74,1.9073486328125,kmeans_sparse/ratio-0.8/combined_20260908_040936/block04_prefetch_only
kmeans_sparse,0.8,0.8000000178679005,13467726848,4,memory_only,27.05378,28.035808,28.035808,7703.68,6893.03,1.9073486328125,kmeans_sparse/ratio-0.8/combined_20260908_040936/block04_memory_only
kmeans_sparse,1.0,0.9999997566924184,16834658304,0,baseline,124.003057,123.438781,124.003057,39906.6,40072.7,0.0,kmeans_sparse/ratio-1.0/combined_20260908_044208/block00_baseline
kmeans_sparse,1.0,0.9999997566924184,16834658304,0,sched_only,18.182569,32.861335,32.861335,4631.11,4627.67,1.9073486328125,kmeans_sparse/ratio-1.0/combined_20260908_044208/block00_sched_only
kmeans_sparse,1.0,0.9999997566924184,16834658304,0,prefetch_only,46.846363,53.073846,53.073846,13705.4,4616.81,1.9073486328125,kmeans_sparse/ratio-1.0/combined_20260908_044208/block00_prefetch_only
kmeans_sparse,1.0,0.9999997566924184,16834658304,0,memory_only,49.204381,55.94815,55.94815,15704.0,4622.8,3.0994415283203125,kmeans_sparse/ratio-1.0/combined_20260908_044208/block00_memory_only
kmeans_sparse,1.0,0.9999997566924184,16834658304,0,combined,17.968372,33.193823,33.193823,4635.07,4637.56,3.0994415283203125,kmeans_sparse/ratio-1.0/combined_20260908_044208/block00_combined
kmeans_sparse,1.0,0.9999997566924184,16834658304,1,sched_only,18.183258,32.849653,32.849653,4633.86,4630.94,2.1457672119140625,kmeans_sparse/ratio-1.0/combined_20260908_044208/block01_sched_only
kmeans_sparse,1.0,0.9999997566924184,16834658304,1,prefetch_only,49.011744,55.310568,55.310568,14870.5,4635.65,2.1457672119140625,kmeans_sparse/ratio-1.0/combined_20260908_044208/block01_prefetch_only
kmeans_sparse,1.0,0.9999997566924184,16834658304,1,memory_only,48.350278,56.208318,56.208318,15154.3,4630.26,1.9073486328125,kmeans_sparse/ratio-1.0/combined_20260908_044208/block01_memory_only
kmeans_sparse,1.0,0.9999997566924184,16834658304,1,combined,17.929939,33.154833,33.154833,4626.9,4633.24,1.9073486328125,kmeans_sparse/ratio-1.0/combined_20260908_044208/block01_combined
kmeans_sparse,1.0,0.9999997566924184,16834658304,1,baseline,124.297315,123.659321,124.297315,39764.6,40214.7,0.95367431640625,kmeans_sparse/ratio-1.0/combined_20260908_044208/block01_baseline
kmeans_sparse,1.0,0.9999997566924184,16834658304,2,prefetch_only,50.721147,56.052264,56.052264,15234.5,4620.97,2.1457672119140625,kmeans_sparse/ratio-1.0/combined_20260908_044208/block02_prefetch_only
kmeans_sparse,1.0,0.9999997566924184,16834658304,2,memory_only,51.464906,57.294963,57.294963,16636.3,4624.64,2.86102294921875,kmeans_sparse/ratio-1.0/combined_20260908_044208/block02_memory_only
kmeans_sparse,1.0,0.9999997566924184,16834658304,2,combined,17.942305,33.179923,33.179923,4629.17,4633.44,1.9073486328125,kmeans_sparse/ratio-1.0/combined_20260908_044208/block02_combined
kmeans_sparse,1.0,0.9999997566924184,16834658304,2,baseline,124.197948,123.598704,124.197948,39695.3,40006.0,0.95367431640625,kmeans_sparse/ratio-1.0/combined_20260908_044208/block02_baseline
kmeans_sparse,1.0,0.9999997566924184,16834658304,2,sched_only,18.186962,32.805212,32.805212,4624.62,4623.32,1.9073486328125,kmeans_sparse/ratio-1.0/combined_20260908_044208/block02_sched_only
kmeans_sparse,1.0,0.9999997566924184,16834658304,3,memory_only,51.034999,59.664511,59.664511,15188.1,4640.0,3.0994415283203125,kmeans_sparse/ratio-1.0/combined_20260908_044208/block03_memory_only
kmeans_sparse,1.0,0.9999997566924184,16834658304,3,combined,17.932644,33.166982,33.166982,4631.55,4635.06,0.95367431640625,kmeans_sparse/ratio-1.0/combined_20260908_044208/block03_combined
kmeans_sparse,1.0,0.9999997566924184,16834658304,3,baseline,124.107912,123.536924,124.107912,39887.0,40188.9,0.95367431640625,kmeans_sparse/ratio-1.0/combined_20260908_044208/block03_baseline
kmeans_sparse,1.0,0.9999997566924184,16834658304,3,sched_only,18.187684,32.832637,32.832637,4627.33,4625.19,2.1457672119140625,kmeans_sparse/ratio-1.0/combined_20260908_044208/block03_sched_only
kmeans_sparse,1.0,0.9999997566924184,16834658304,3,prefetch_only,50.974454,57.677649,57.677649,15173.4,4628.77,1.9073486328125,kmeans_sparse/ratio-1.0/combined_20260908_044208/block03_prefetch_only
kmeans_sparse,1.0,0.9999997566924184,16834658304,4,combined,17.90897,33.079834,33.079834,4615.85,4613.08,1.9073486328125,kmeans_sparse/ratio-1.0/combined_20260908_044208/block04_combined
kmeans_sparse,1.0,0.9999997566924184,16834658304,4,baseline,124.02352,124.590006,124.590006,40252.9,39932.0,1.1920928955078125,kmeans_sparse/ratio-1.0/combined_20260908_044208/block04_baseline
kmeans_sparse,1.0,0.9999997566924184,16834658304,4,sched_only,18.161016,32.842718,32.842718,4629.35,4626.79,1.9073486328125,kmeans_sparse/ratio-1.0/combined_20260908_044208/block04_sched_only
kmeans_sparse,1.0,0.9999997566924184,16834658304,4,prefetch_only,53.356702,59.200649,59.200649,17318.7,4619.28,2.1457672119140625,kmeans_sparse/ratio-1.0/combined_20260908_044208/block04_prefetch_only
kmeans_sparse,1.0,0.9999997566924184,16834658304,4,memory_only,48.023622,55.908701,55.908701,15037.8,4631.03,2.86102294921875,kmeans_sparse/ratio-1.0/combined_20260908_044208/block04_memory_only
kmeans_sparse,1.2,1.2000002729606931,20201590784,0,baseline,150.142977,150.499307,150.499307,48178.9,48014.1,0.95367431640625,kmeans_sparse/ratio-1.2/combined_20260908_054042/block00_baseline
kmeans_sparse,1.2,1.2000002729606931,20201590784,0,sched_only,21.49932,39.030528,39.030528,5547.03,5542.73,3.0994415283203125,kmeans_sparse/ratio-1.2/combined_20260908_054042/block00_sched_only
kmeans_sparse,1.2,1.2000002729606931,20201590784,0,prefetch_only,81.720864,93.289815,93.289815,28422.0,5548.7,0.95367431640625,kmeans_sparse/ratio-1.2/combined_20260908_054042/block00_prefetch_only
kmeans_sparse,1.2,1.2000002729606931,20201590784,0,memory_only,81.308492,93.415995,93.415995,28532.9,5540.11,4.0531158447265625,kmeans_sparse/ratio-1.2/combined_20260908_054042/block00_memory_only
kmeans_sparse,1.2,1.2000002729606931,20201590784,0,combined,21.216688,39.458338,39.458338,5551.92,5548.49,1.9073486328125,kmeans_sparse/ratio-1.2/combined_20260908_054042/block00_combined
kmeans_sparse,1.2,1.2000002729606931,20201590784,1,sched_only,21.514133,39.107346,39.107346,5556.08,5559.41,1.9073486328125,kmeans_sparse/ratio-1.2/combined_20260908_054042/block01_sched_only
kmeans_sparse,1.2,1.2000002729606931,20201590784,1,prefetch_only,81.008033,93.367951,93.367951,26429.6,5548.79,1.9073486328125,kmeans_sparse/ratio-1.2/combined_20260908_054042/block01_prefetch_only
kmeans_sparse,1.2,1.2000002729606931,20201590784,1,memory_only,76.288761,89.333563,89.333563,23729.0,5540.34,2.1457672119140625,kmeans_sparse/ratio-1.2/combined_20260908_054042/block01_memory_only
kmeans_sparse,1.2,1.2000002729606931,20201590784,1,combined,21.258209,39.456017,39.456017,5550.86,5548.9,1.9073486328125,kmeans_sparse/ratio-1.2/combined_20260908_054042/block01_combined
kmeans_sparse,1.2,1.2000002729606931,20201590784,1,baseline,148.56295,148.862627,148.862627,47614.3,47613.2,0.95367431640625,kmeans_sparse/ratio-1.2/combined_20260908_054042/block01_baseline
kmeans_sparse,1.2,1.2000002729606931,20201590784,2,prefetch_only,81.629055,93.59835,93.59835,26746.9,5551.54,2.1457672119140625,kmeans_sparse/ratio-1.2/combined_20260908_054042/block02_prefetch_only
kmeans_sparse,1.2,1.2000002729606931,20201590784,2,memory_only,77.592638,89.881232,89.881232,24439.9,5562.34,0.95367431640625,kmeans_sparse/ratio-1.2/combined_20260908_054042/block02_memory_only
kmeans_sparse,1.2,1.2000002729606931,20201590784,2,combined,21.242229,39.474808,39.474808,5552.18,5550.66,1.9073486328125,kmeans_sparse/ratio-1.2/combined_20260908_054042/block02_combined
kmeans_sparse,1.2,1.2000002729606931,20201590784,2,baseline,150.155143,149.855181,150.155143,48195.6,48282.8,0.95367431640625,kmeans_sparse/ratio-1.2/combined_20260908_054042/block02_baseline
kmeans_sparse,1.2,1.2000002729606931,20201590784,2,sched_only,21.499647,39.000238,39.000238,5549.63,5543.59,1.9073486328125,kmeans_sparse/ratio-1.2/combined_20260908_054042/block02_sched_only
kmeans_sparse,1.2,1.2000002729606931,20201590784,3,memory_only,76.917064,90.03989,90.03989,23824.9,5544.9,1.9073486328125,kmeans_sparse/ratio-1.2/combined_20260908_054042/block03_memory_only
kmeans_sparse,1.2,1.2000002729606931,20201590784,3,combined,21.226484,39.458912,39.458912,5555.35,5550.94,3.0994415283203125,kmeans_sparse/ratio-1.2/combined_20260908_054042/block03_combined
kmeans_sparse,1.2,1.2000002729606931,20201590784,3,baseline,150.927683,150.643693,150.927683,47899.0,47893.1,0.95367431640625,kmeans_sparse/ratio-1.2/combined_20260908_054042/block03_baseline
kmeans_sparse,1.2,1.2000002729606931,20201590784,3,sched_only,21.535176,39.083405,39.083405,5554.09,5550.03,3.0994415283203125,kmeans_sparse/ratio-1.2/combined_20260908_054042/block03_sched_only
kmeans_sparse,1.2,1.2000002729606931,20201590784,3,prefetch_only,76.502525,89.631345,89.631345,23624.5,5556.6,3.0994415283203125,kmeans_sparse/ratio-1.2/combined_20260908_054042/block03_prefetch_only
kmeans_sparse,1.2,1.2000002729606931,20201590784,4,combined,21.350828,39.623625,39.623625,5561.76,5556.4,1.9073486328125,kmeans_sparse/ratio-1.2/combined_20260908_054042/block04_combined
kmeans_sparse,1.2,1.2000002729606931,20201590784,4,baseline,149.59619,149.324931,149.59619,47970.3,47993.6,0.95367431640625,kmeans_sparse/ratio-1.2/combined_20260908_054042/block04_baseline
kmeans_sparse,1.2,1.2000002729606931,20201590784,4,sched_only,21.525281,39.047462,39.047462,5547.66,5542.75,2.1457672119140625,kmeans_sparse/ratio-1.2/combined_20260908_054042/block04_sched_only
kmeans_sparse,1.2,1.2000002729606931,20201590784,4,prefetch_only,76.3863,89.443955,89.443955,24063.4,5540.22,2.1457672119140625,kmeans_sparse/ratio-1.2/combined_20260908_054042/block04_prefetch_only
kmeans_sparse,1.2,1.2000002729606931,20201590784,4,memory_only,80.413523,92.788982,92.788982,26106.3,5553.38,3.0994415283203125,kmeans_sparse/ratio-1.2/combined_20260908_054042/block04_memory_only
